{
    "root_group": {
        "path": "",
        "id": "d41d8cd98f00b204e9800998ecf8427e",
        "groups": {},
        "checks": {},
        "name": ""
    },
    "metrics": {
        "http_reqs": {
            "count": 299183,
            "rate": 965.1028000997607
        },
        "data_sent": {
            "count": 26018655,
            "rate": 83930.82760494291
        },
        "http_req_failed": {
            "passes": 118,
            "fails": 299065,
            "thresholds": {
                "rate < 0.05": false
            },
            "value": 0.0003944074362513913
        },
        "http_req_blocked": {
            "p(90)": 0.0118,
            "p(95)": 0.0226,
            "avg": 0.04910888218914713,
            "min": 0,
            "med": 0.0073,
            "max": 64.2044
        },
        "vus": {
            "min": 1,
            "max": 50,
            "value": 10
        },
        "vus_max": {
            "value": 50,
            "min": 19,
            "max": 50
        },
        "http_req_duration{expected_response:true}": {
            "avg": 4.929123606908168,
            "min": 2.1382,
            "med": 3.858,
            "max": 117.2771,
            "p(90)": 7.131,
            "p(95)": 9.801159999999998,
            "thresholds": {
                "p(95) < 800": false,
                "p(99) < 2000": false
            }
        },
        "iterations": {
            "rate": 965.1028000997607,
            "count": 299183
        },
        "http_req_tls_handshaking": {
            "p(90)": 0,
            "p(95)": 0,
            "avg": 0,
            "min": 0,
            "med": 0,
            "max": 0
        },
        "data_received": {
            "count": 34149973,
            "rate": 110160.78642714066
        },
        "http_req_duration": {
            "avg": 4.927179523903401,
            "min": 0,
            "med": 3.8576,
            "max": 117.2771,
            "p(90)": 7.129779999999999,
            "p(95)": 9.799389999999962
        },
        "http_req_connecting": {
            "avg": 0.037711065802535616,
            "min": 0,
            "med": 0,
            "max": 63.993,
            "p(90)": 0,
            "p(95)": 0
        },
        "dropped_iterations": {
            "count": 808,
            "rate": 2.6064417513047418
        },
        "http_req_waiting": {
            "p(90)": 6.9248,
            "p(95)": 9.575159999999986,
            "avg": 4.770759716962459,
            "min": 0,
            "med": 3.7073,
            "max": 116.1467
        },
        "iteration_duration": {
            "min": 2.2245,
            "med": 4.0047,
            "max": 30007.1944,
            "p(90)": 7.433859999999998,
            "p(95)": 10.202089999999997,
            "avg": 16.950519875460536
        },
        "http_req_sending": {
            "avg": 0.05265454688267763,
            "min": 0,
            "med": 0.0408,
            "max": 18.5584,
            "p(90)": 0.0922,
            "p(95)": 0.1278
        },
        "http_req_receiving": {
            "p(90)": 0.1634,
            "p(95)": 0.223,
            "avg": 0.10376526005822838,
            "min": 0,
            "med": 0.082,
            "max": 14.5828
        }
    }
}